scale,auroc,auroc_ci_lower,auroc_ci_upper,sensitivity,specificity,ppv,npv
RECUIMA (pesos tesis),0.8608593096225777,0.8348228729708136,0.8859027728838292,0.7623318385650224,0.7722808293925064,0.2135678391959799,0.9756433823529411
GRACE,0.7880974247463814,0.7592674598974595,0.8177024848428059,0.6233183856502242,0.767188068388505,0.17843388960205392,0.9616963064295485
TIMI-NSTEMI,0.635690597640887,0.6040993440412769,0.6685599234534574,0.6457399103139013,0.6180429246998909,0.12060301507537688,0.9555680539932508
